,단어,회귀계수,points
454,소재,3.768337476927114,1.0
852,캠페인,3.2570400698887547,0.8642238189088732
232,마련,2.9504245026153817,0.7828013625959964
726,정화,2.7950598353790257,0.7415439243546491
711,전환,2.7855933693676813,0.7390300829274172
539,에코,2.6128705558563143,0.6931631497432071
62,고민,2.564803963850426,0.6803989576882782
973,확대,2.5421941279343048,0.6743948647014393
830,최소,2.4799500871051583,0.6578658190948622
318,버스,2.4022054838305427,0.6372205641262992
783,지속,2.3918869638448927,0.634480457842015
33,갯벌,2.391831576064076,0.6344657494917381
847,친환,2.3835603082609502,0.6322692956477894
364,브랜드,2.3606513166283545,0.6261857611848637
474,숲,2.339616135732918,0.6205998213947777
688,재생에너지,2.3306147425765564,0.6182094811144505
848,친환경,2.2548525648559035,0.5980906637286121
831,최초,2.254786712834832,0.5980731765757042
10,가장,2.241562889553409,0.5945615604402428
366,비건,2.2403803789147028,0.5942475420696957
786,지원,2.2342546298896515,0.5926208355824442
262,무공,2.2111273134016702,0.5864793244611324
686,재사용,2.20870359485956,0.5858357005288429
548,연구,2.120065022752955,0.5622975275353264
818,청정,2.115292707527587,0.5610302284500116
69,공급,2.1088192292406776,0.5593111816720041
709,전지,2.0975189482734655,0.5563103665419762
807,창,2.081343867325835,0.5520150372684907
238,만들기,2.080346565847548,0.5517502016087467
900,페트병,2.050853764169182,0.5439183215200881
339,보일러,2.0448575584169637,0.5423260155414823
432,설비,2.0393110169670456,0.5408531189338196
546,역할,2.0312661210385468,0.5387167786523889
119,기기,2.0189079071881575,0.5354350270561258
919,프로젝트,2.0057551224105654,0.5319422753557812
712,절감,1.9904452359137306,0.5278767004225547
18,감,1.9863796990973026,0.5267970879398368
149,내년,1.9464166056940333,0.5161847982387924
116,금,1.945656841057336,0.515983041023757
871,텀블러,1.9330871895463575,0.5126451416792392
820,체계,1.9324131010315262,0.512466135951846
349,부분,1.931640818852691,0.5122610546752279
186,대신,1.9129030038346273,0.5072851855819708
207,도전,1.8963534885121307,0.5028904244146624
880,투,1.8945638072932178,0.5024151705253809
343,본격,1.891862714921786,0.5016978893463275
994,효율,1.8854266730655969,0.4999887838970397
506,실천,1.8847213901579822,0.4998014944281972
188,대응,1.8537476677751263,0.4915763525021295
503,실시,1.8440140868798816,0.4889915781142579
97,구축,1.8368635657791113,0.4870927410880782
222,라벨,1.8286078955755425,0.4849004292219156
194,대한,1.8178348291117545,0.4820396170938692
917,프레,1.8123263012496236,0.48057681508028866
685,재료,1.8092702200106228,0.47976526580578854
999,희망,1.8058756712975552,0.4788638357291961
732,제도,1.7617325587116177,0.4671415324945455
956,현대차,1.7590972514225738,0.4664417206926813
671,자원,1.7579683856376802,0.46614194783420915
555,영국,1.7448822060247227,0.4626668832857464
651,인증,1.7420297792664978,0.46190941491852494
158,놀이,1.731577582695201,0.4591338105150432
320,번가,1.7164432901687885,0.45511486495720255
851,카톡,1.7117264429398777,0.45386229552360924
683,재,1.710699282619847,0.4535895307810107
940,함,1.7013243707055932,0.45110000175101583
672,자작나무,1.6898674373547666,0.44805758722675426
15,가치,1.6801933369909012,0.44548860802831414
771,중이,1.671940885671915,0.4432971509442215
58,계약,1.6714920081988187,0.4431779505175504
59,계획,1.6327123806821846,0.4328799328552978
214,듯,1.6283582852119403,0.43172369297041296
948,행사,1.6267140926465318,0.4312870739216235
494,식물성,1.6254492695991156,0.4309511973050591
965,형태,1.620722553990115,0.4296960073008474
993,효과,1.6165725250761742,0.42859395775082815
128,기여,1.6110136626041993,0.427117789267934
803,차량,1.5938931445082818,0.4225713970246602
691,재활용,1.5932123326674994,0.42239060590287747
950,향,1.5921783411681703,0.42211602712518953
115,글로벌,1.5864032199068434,0.42058243063241035
107,그게,1.57821182596055,0.4184071874715209
624,이노베이션,1.572880717680614,0.41699149962865517
335,보급,1.567963417007633,0.41568569933030924
399,삼성,1.5584826192308312,0.4131680520703949
897,패키지,1.557707193651593,0.41296213605670107
601,위원회,1.553499305783518,0.41184472193074984
22,갑자기,1.5511191106492799,0.4112126557377087
749,종량제,1.5420427325878343,0.4088024030464998
677,작업,1.5414881329746253,0.40865512786677155
53,경영,1.5392309200225442,0.40805571986993033
60,고,1.5333824450157962,0.4065026441244013
431,설명,1.5249334850479752,0.40425900372483936
512,아웃,1.521014931008475,0.4032184228504626
204,도시,1.4941283497797138,0.39607863048776887
674,자전거,1.4828728579777055,0.39308970922170716
459,수거,1.4823678733603587,0.39295560941617463
75,공장,1.4821166016211174,0.3928888836383775
438,성장,1.4795461425895622,0.3922062924377349
430,설계,1.4765140550781,0.3914011147517672
577,완료,1.4758463877590389,0.39122381418741153
230,린지,1.4746408510284725,0.39090368118617164
879,통합,1.4545972452014566,0.3855810563947576
13,가지,1.4538629746662382,0.38538606919594276
415,생태건축,1.452530136239212,0.3850321309417252
84,관심,1.432701355328043,0.3797665533918489
255,모델링,1.4302786191297658,0.37912319032318265
299,발표,1.4292694555264436,0.37885520464934763
76,공정,1.4278699800561636,0.37848357077780903
678,작품,1.4256248618202563,0.3778873745601609
695,적용,1.4200828980025435,0.376415693553068
226,롯데,1.4192590529463287,0.3761969196379183
893,판매,1.4122617396309092,0.3743387672851244
734,제로,1.402809026848766,0.3718285780589655
945,해외,1.3939529487693199,0.36947682652547525
955,현대,1.3896332991826692,0.3683297338227671
533,업,1.3893869921654811,0.3682643264381229
714,점,1.388787124651852,0.3681050302652106
286,박스,1.3834606118175856,0.36669056275332024
211,동참,1.3828994217853594,0.366541537472939
554,열분해,1.3750841305480308,0.3644661692357599
626,이름,1.3668542302490219,0.3622807006259488
633,이용,1.36669150069291,0.3622374874248346
562,예술,1.360772394141821,0.36066565531320016
154,노력,1.3586395451459867,0.3600992724457887
913,폴리에틸렌,1.3454400110703437,0.3565941063637738
248,먹거리,1.3425645516578604,0.3558305216231999
497,신규,1.338991098271763,0.3548815830066677
697,전국,1.333331810781173,0.3533787464332926
835,추진,1.329002397358146,0.3522290609217853
662,일상,1.3288654922792573,0.35219270546891657
242,망,1.3256550192151004,0.35134015709658645
962,협약,1.3173415243674056,0.349132489765592
635,이유식,1.3120773823266243,0.3477345849587622
355,분류,1.300416191872896,0.3446379294995556
941,해,1.3002721929415133,0.3445996902581372
681,장바구니,1.293127777659223,0.34270247464584347
669,자발,1.2915429100982767,0.34228160948596137
980,환경보전,1.2913287791252224,0.34222474652249935
127,기술,1.2904716283073698,0.3419971281871331
753,주로,1.2901920211807982,0.34192287788324116
563,예정,1.2893111642522448,0.3416889643366433
933,학생,1.2885517137519993,0.34148729054125215
28,개발,1.2856599764717374,0.3407193831761296
736,제작,1.2838267856353918,0.3402325752096821
71,공단,1.2812718022213165,0.3395540935942095
564,오늘,1.279380509724799,0.3390518566006936
99,국내,1.2791303790039579,0.3389854338229093
167,단계,1.2700481990847377,0.3365736404352661
26,강화,1.2693943727534098,0.33640001537645986
327,변화,1.2630152838757351,0.3347060339192322
270,뭔가,1.2570270633490337,0.33311584843529524
806,참여,1.256202259586235,0.33289681993344716
41,건물,1.2555068935002849,0.33271216389899266
330,병,1.2505907973787014,0.33140668347199054
387,사용,1.2420780042197475,0.32914609202437006
684,재고,1.241902977088052,0.3290996131742883
693,적극,1.2341482188990245,0.3270403196247861
500,신차,1.2278834236708285,0.32537668910428447
301,방법,1.2212784231915497,0.3236227163110795
180,대기,1.2163002701443126,0.3223007565273282
354,분,1.2138553896136843,0.32165151298119804
802,차단,1.2134563060913364,0.32154553545059666
389,사이클링,1.2056299982726977,0.3194672417353722
592,원,1.2004067210404366,0.31808018867072907
72,공동,1.1918490992445883,0.3158076928773457
763,중,1.185701530188718,0.3141751920316346
583,요즘,1.1846484134362958,0.3138955344997976
723,정수,1.1778514738885018,0.31209059185349647
511,아디다스,1.1712425551031758,0.31033557854527205
878,통한,1.1652868052359877,0.30875401571829664
627,이벤트,1.1602366757860914,0.30741294243827644
136,꼭,1.1495991712088816,0.3045881290753474
729,제공,1.1462855530629688,0.30370819029362667
769,중심,1.145169179716095,0.3034117348302821
190,대체,1.140153432555106,0.302079791844726
40,건강,1.131941739059234,0.2998991580926039
789,지정,1.1310530434774078,0.29966316297392764
405,상품,1.129074134030104,0.2991376591012669
517,안전,1.128846445294676,0.2990771958433893
457,손,1.1272057867239755,0.29864151525487537
103,군,1.1249675837731525,0.29804715540679805
872,테슬라,1.1214581742557794,0.29711522378423455
162,농업,1.110406096483369,0.29418031957309815
436,성과,1.106298384743174,0.29308950744413104
421,서울시,1.0994403114894886,0.2912683306041735
274,미래,1.0918574362359217,0.28925468095634244
472,수출,1.0736394369681546,0.2844168501094655
385,사업,1.0722842192935276,0.284056968995509
559,예방,1.0709859810109796,0.2837122188877944
502,실리콘,1.0568071625455484,0.2799470016245741
598,위,1.0559735911550667,0.2797256448593951
146,납품,1.0557711597601998,0.27967188874534166
340,보전,1.0517598499231777,0.2786066763594645
946,핵심,1.048750975549524,0.2778076629746636
987,활용,1.0435980095461368,0.2764392812156303
95,구역,1.0303291599380202,0.2729157082374333
560,예산,1.025816735799126,0.2717174238170382
295,발굴,1.0238070185709944,0.27118373886860603
2,가능,1.0191285588247496,0.26994136331772434
509,씨,1.016096008649746,0.26913606277040836
990,회용,1.0137840332406824,0.2685221124794465
390,사장,1.0080486021855612,0.2669990558105568
981,환경보호,1.0045616113816038,0.2660730775279685
860,크게,1.0034685638124443,0.26578281627757205
441,세대,1.0001320485053193,0.26489679710298325
754,주목,0.99920249222702,0.26464995133408364
191,대통령,0.9972865297332942,0.2641411631670973
861,킥,0.9964795619745354,0.26392687105640067
518,안정,0.9947973921623664,0.2634801670639708
793,직원,0.9893182219974578,0.2620251610531856
241,맛,0.9849433770701945,0.26086341110313127
206,도입,0.981637073945933,0.25998541484192944
977,확장,0.9793355250653217,0.25937423333914406
614,육성,0.9763546724087192,0.25858266118458695
137,꽁초,0.972767542547828,0.257630090749288
986,활성화,0.9721836059956894,0.2574750250791761
505,실증,0.9671253719912999,0.25613179961640786
833,추구,0.955966930977205,0.25316865040624426
838,축산,0.9535459324094202,0.2525257487692793
883,투자,0.9502643321640056,0.2516543124133412
643,이후,0.9493931697743528,0.2514229732734414
791,지하,0.9487854845247117,0.25126160108307644
228,률,0.9469592484588539,0.25077663997163774
942,해결,0.9462376906134919,0.2505850286563231
101,국방부,0.9435427523451038,0.24986938171323067
74,공원,0.9435085613881325,0.24986030222739425
889,특집,0.942369817841386,0.2495579063069553
800,쪽,0.9314655003815223,0.24666224018049965
460,수단,0.9304708357301305,0.24639810473609244
85,광고,0.9245973882413903,0.2448383974915756
135,깅,0.922634133759944,0.24431705083045158
922,플로,0.922634133759944,0.24431705083045158
735,제일,0.9190168753696811,0.24335647969613938
278,민간,0.9179594831753403,0.2430756868110458
650,인정,0.9171463708333443,0.2428597629923944
489,시장,0.9100809229950743,0.2409835173631908
315,백화점,0.904828872142429,0.2395888233986758
43,건축,0.9012033941894102,0.23862606954091167
513,아이스팩,0.9010751695764206,0.23859201920536538
679,장,0.8992637160926876,0.2381109836419931
19,감소,0.8881772164233958,0.23516693861840557
17,간,0.8785748519157818,0.23261700903859256
963,협업,0.8695557211065359,0.23022195848448548
542,엡손,0.8686276869600887,0.2299755169211366
442,세제,0.8638721119682343,0.22871266324263553
954,혁신,0.8629938622481407,0.22847944204613194
279,민주당,0.8591075357518064,0.2274474192686217
719,정말,0.8573448705757326,0.2269793395505259
56,경차,0.8566601047426872,0.2267974984371685
20,감시,0.8495918324563105,0.2249205027693918
250,며,0.8433909692342079,0.22327384953748455
283,바람,0.838299248419755,0.22192173157668146
716,점유,0.8367532377029616,0.22151118493951377
969,화장품,0.8312630789691688,0.22005326088944607
535,업무,0.8288949667637127,0.2194244033454296
585,용기,0.8275552581207128,0.21906864068984538
410,생,0.8246955201334552,0.21830923080924347
907,포,0.8210930020657846,0.2173525740008834
112,그룹,0.8143570595109525,0.2155638292438115
21,감축,0.8135932623246652,0.21536100117612594
90,교육,0.8082644815306186,0.2139459314023942
120,기능,0.8077605297882691,0.21381210587914976
530,억원,0.804791098822975,0.21302356678051293
768,중립,0.7988264015256782,0.21143962794326637
153,노,0.7930490174137258,0.20990543054539343
81,관계자,0.7923158152806322,0.2097107270631756
881,투명,0.7897262910277825,0.20902307304996365
44,걸,0.7890610216236651,0.2088464092573365
192,대표,0.7879582364120933,0.20855356215400714
32,개최,0.7836866775012532,0.20741924003886267
373,비중,0.7755635224795041,0.20526211787848847
341,보존,0.7755519756617526,0.20525905159495864
819,체결,0.7754329571400398,0.20522744595774078
545,역시,0.7743656316106136,0.20494401525308306
620,의무,0.7741578458631541,0.20488883727860704
925,필요,0.7741065731513899,0.20487522169420996
29,개선,0.7726640367021342,0.20449215288246067
348,부문,0.7687551603408604,0.20345414193739184
615,율,0.7683912319023483,0.20335749991869304
758,주요,0.7673026745375409,0.20306843105220243
656,인테리어,0.7664843383197664,0.2028511200215411
307,방침,0.7603916016043835,0.20123318002767304
453,소장,0.759743978607216,0.20106120227826196
670,자연,0.7574879522488351,0.20046210938405745
68,공개,0.753385108546156,0.1993725899734461
927,하나로,0.7514555516148702,0.19886019177286565
359,분야,0.7503762604686334,0.19857358357164215
184,대산,0.7463306044813189,0.1974992504879917
604,유,0.7410880577854951,0.19610708037378366
499,신설,0.7408800935257435,0.19605185499496533
591,운영,0.7405289291232802,0.19595860249486408
8,가스,0.7385509312625841,0.19543334069608562
646,인구,0.7363261266554395,0.1948425388084293
12,가죽,0.735460244299554,0.19461260179342016
324,베이비,0.7344013896954598,0.19433142056211403
971,화학,0.7323620945122089,0.1937898811209047
967,홍보,0.7301855094133786,0.19321188403257433
448,소개,0.7269876889715726,0.19236269559268268
492,시행,0.7251860784873647,0.19188427386006254
575,올해,0.7217419039458196,0.1909696655326489
360,분해,0.7199875316818063,0.1905037880160785
938,한섬,0.7167679087607866,0.18964880987859556
316,뱅크,0.7163262618015888,0.1895315295312186
168,단백질,0.7162351233311652,0.18950732750458157
605,유니폼,0.7058157003355527,0.1867404261981347
291,반입,0.7055382654780417,0.18666675274519737
930,하이브리드,0.7027979859452712,0.18593906532695503
231,마감,0.7013217609327177,0.1855470504411438
974,확보,0.7012626710720685,0.18553135899520704
284,바이든,0.6961421224525476,0.18417158574566692
924,필릭,0.6833841154561886,0.18078366817664718
433,설치,0.6823562623237462,0.18051071945614816
174,답,0.6779039643971747,0.17932840168721711
326,변경,0.6742050628778383,0.1783461500356065
323,법안,0.6668268155313518,0.17638683979060749
689,재질,0.6657130291458064,0.17609107130068574
88,광주시,0.6647597510943638,0.17583792616135754
350,부산,0.6645456250197151,0.17578106449867822
30,개월,0.6546080613284091,0.17314212201866258
152,내용,0.6542060913300399,0.17303537797783533
396,산업,0.653752954594082,0.17291504649429262
198,덜,0.6512296411111439,0.17224497490055307
556,영상,0.6495819407307338,0.17180742434356835
846,친구,0.6486585351364353,0.17156221190269513
254,모델,0.6474173776619286,0.1712326197324603
816,첫,0.6459851497738907,0.17085228838242192
743,조성,0.6421374690279052,0.16983052807118967
501,신축,0.6407865220258308,0.16947178104397384
491,시티,0.63975234992554,0.1691971543072927
473,순환,0.6373249828174011,0.16855256149005476
523,앤,0.6359014213869616,0.16817453153740297
750,종이,0.6285437424280903,0.16622068327418435
739,제품,0.6247529548253313,0.16521403106561644
290,반응,0.6239430645058059,0.16499896286230836
52,경북,0.6224478272514957,0.1646018992327637
631,이스트,0.6186104387274909,0.1635828720443211
597,웨,0.6186104387274909,0.1635828720443211
702,전량,0.6181369915761821,0.16345714708411538
427,선박,0.6133226392554316,0.16217868495319035
468,수준,0.6114877066225672,0.16169141444874377
452,소비자,0.6109881389801801,0.16155875313314486
839,출시,0.6105550138281184,0.16144373577089752
784,지속가능성,0.6085925274529845,0.16092259308213935
420,서울,0.6039406543100371,0.1596872776638032
699,전기차,0.6007827157557696,0.1588486799492118
187,대외,0.5942687574596051,0.15711888361333146
931,하천,0.5929485018271182,0.15676828674861928
374,비즈니스,0.5906290104293686,0.15615234056988864
567,오염원,0.5803901953396257,0.15343340010070844
932,학교,0.5773042583654598,0.1526139225683127
124,기법,0.5761302626304775,0.15230216534967844
224,량,0.573551929647796,0.1516174832035327
705,전문,0.5689443971092248,0.1503939425328221
926,필터,0.563268351444271,0.14888665578840007
351,부산물,0.5595963871916341,0.14791155738879333
256,모든,0.5563256706287568,0.14704301121933144
304,방안,0.5556916323119164,0.1468746409124592
569,옥수수,0.5548891687665325,0.14666154490579608
285,바이오,0.5534172794522275,0.14627068137444596
740,젯,0.552607395554849,0.14605561487655347
751,종합,0.5512612091521907,0.14569813203726337
549,연구원,0.5474017062157548,0.14467323231665918
193,대학생,0.5429556144556852,0.14349256260925797
419,샴푸,0.5413479974905941,0.14306565629373075
909,포장재,0.5409527854731445,0.1429607068499981
918,프로,0.5382191402722886,0.1422347811935778
317,버려진,0.5360849145533896,0.1416680327342475
24,강,0.5359755354634574,0.14163898686990753
61,고객,0.5341815135515525,0.14116258029979956
418,샤워,0.5331802489128378,0.14089669221385415
117,기,0.5127941000945224,0.135483104357543
782,지배구조,0.5076274665709891,0.1341110931576698
83,관리,0.5070943453724458,0.13396952161946035
445,센터,0.5017297401872525,0.13254493859775815
217,디자인,0.4998837648988796,0.1320547356912039
680,장기,0.4990570188334633,0.1318351914065095
794,직접,0.4972817440239971,0.1313637631717903
850,카,0.49387612746399717,0.13045939400345066
398,삶,0.4873629120964102,0.1287297949539318
338,보드,0.48726144058312715,0.12870284896442855
581,요,0.48461464700833035,0.12799998695344345
236,마크,0.4806056598864886,0.1269353913698278
998,흡수,0.47945181630272526,0.12662898560045893
305,방지,0.4790037373759428,0.1265099972295647
811,책,0.47845149887529653,0.1263633490486096
859,쿠팡,0.47723776061772405,0.12604103811335188
121,기도,0.4742479039689349,0.12524707492833606
466,수십,0.4728788137176336,0.12488350992031551
826,총,0.47228155048895054,0.12472490532115184
356,분리,0.4653448868964486,0.12288285863924268
823,초기,0.4645747593232765,0.12267834952302407
532,엄마,0.4640115406090423,0.1225287855215543
212,두,0.46315591291927627,0.12230157165629106
507,실현,0.4630525125137106,0.12227411344508615
422,서포터즈,0.4593383864110924,0.12128781887100369
790,지지,0.4566949496666631,0.12058584827390334
667,자동차,0.45069512358094954,0.11899258090756211
828,최고,0.43838724714614985,0.11572419652568473
370,비료,0.43309646254930295,0.11431921672792539
150,내부,0.42962478289438233,0.11339730435554068
934,한강,0.42430570869383166,0.111984812189632
177,대구,0.4235563359313427,0.11178581456026043
951,향후,0.42110129164279175,0.11113387200526129
353,부평구,0.4144337629433986,0.10936329470199879
997,휘발,0.41339428872127004,0.10908725997488995
593,원료,0.41169790091639186,0.10863678036238796
884,툰베리,0.409373322473768,0.10801948330740299
51,경기도,0.40656568300578677,0.1072739083062479
841,충전,0.4059139033642756,0.10710082675054447
440,세계,0.40578794270885904,0.10706737761404433
402,상승,0.40414783979401536,0.10663184458119797
172,달성,0.4027115033978972,0.10625042220756076
943,해당,0.40158166441827325,0.10595039091503022
393,사회,0.39965903535740893,0.10543983242608528
123,기반,0.3927830975644263,0.10361391161737425
752,주,0.3914231497171343,0.10325277439538448
576,옷,0.39054132466336466,0.10301860376094912
682,장점,0.3788073697248425,0.099902625528483
23,값,0.3761538534854167,0.09919797829872402
869,태양광,0.3725691264821289,0.09824604594768799
856,케미칼,0.3639441970702428,0.09595567646486645
801,차,0.3636517482217962,0.09587801601273044
903,폐,0.3635437462871132,0.09584933585507689
952,허가,0.3634477046907817,0.09582383179228235
988,회,0.3602826960609276,0.09498335660315274
836,추천,0.3582665627767651,0.09444796785655235
216,등장,0.35571417213832257,0.09377017475850428
908,포장,0.35526152471550343,0.09364997321317059
855,컵,0.35306252599704147,0.09306602413753085
388,사이,0.3528146048316299,0.0930001881121807
470,수질,0.35040890675669273,0.09236134955564419
403,상용,0.3495332943419957,0.09212882870154446
557,영풍,0.3459111321410458,0.09116695534923012
886,트위터,0.3441205935142342,0.0906914737733449
748,종,0.33952303000304723,0.08947058040036904
331,보,0.336276013711597,0.0886083278915064
313,배출량,0.33558548149761214,0.08842495550266846
493,시험,0.3349815043228375,0.08826456799995822
724,정유,0.334636833044709,0.08817303976368734
715,점검,0.3341474264991428,0.08804307675029582
779,지도,0.333663756610121,0.08791463711900463
652,인증샷,0.3323798755471819,0.08757369960337978
475,스웨덴,0.32837935253078815,0.08651135168208014
817,청소,0.3269473629239478,0.08613108360815193
386,사업자,0.32067331248628866,0.08446499534587651
280,바,0.3200966865566758,0.0843118710280857
579,외,0.3116985492238396,0.08208172669401562
391,사진,0.30997343625097995,0.0816236190482867
271,미국,0.30975896004198783,0.08156666440664177
414,생태,0.3083183384649497,0.08118410409353415
377,빨대,0.30507596203533566,0.08032308371046021
663,일환,0.30182413394075747,0.07945955341641055
145,날,0.29939500313089673,0.07881449224419744
258,목표,0.2982243045445505,0.07850361059082941
885,트렌드,0.2958954451218208,0.0778851767119097
464,수소,0.2922147966972768,0.07690777221084176
665,일회용품,0.28528158656899605,0.07506664260415542
245,매우,0.2828257010959677,0.07441447667071867
772,중인,0.28256028425095203,0.07434399462813952
864,탄소,0.2768288834794954,0.07282200821017841
265,문화,0.27675015217154225,0.0728011009335542
777,지난달,0.27477626670758476,0.07227693119101661
857,코로나,0.27396074794872266,0.07206036834293207
487,시스템,0.26823171860311507,0.0705390116624605
877,통과,0.2613001287706051,0.06869831232897518
741,조,0.2601422477811946,0.06839083441741914
129,기존,0.25620672930034344,0.06734574859733118
205,도움,0.2503541475166075,0.06579158228789879
586,용량,0.248055300273897,0.06518111821115903
975,확산,0.2460869034592347,0.06465840599183668
551,연합,0.24348721307007343,0.06396805233816924
780,지랄,0.23445066650924956,0.061568376991901014
717,정,0.23237792251162862,0.06101795514249896
229,리,0.2229884967284997,0.05852457192184798
92,교통,0.2226368437464176,0.0584311896783256
612,유튜브,0.22234128391773164,0.05835270309836155
3,가능성,0.21276440802447555,0.05580954207765167
310,배달,0.20578331110302914,0.05395569602489846
639,이탈리아,0.20199687365633145,0.05295019901009651
86,광산,0.19519353827581193,0.051143557935971556
658,일대,0.19443049674803453,0.050940930535109764
747,존재,0.1912053479060245,0.050084484976828776
760,주택,0.1810684250002492,0.047392602207202136
210,동시,0.17855602851735083,0.04672542964747678
953,허용,0.17172387907046432,0.044911136932957875
96,구조,0.16888847683642552,0.044158189466580136
94,구성,0.16096815691797434,0.04205493062594493
303,방식,0.1579645792206708,0.04125732378551017
235,마음,0.15757238988320438,0.041153177021273094
485,시범,0.15674095975247376,0.04093238887245655
895,패널,0.15046267142281133,0.039265175228389314
590,운동,0.15043276033012595,0.039257232270179125
297,발전,0.14284671243009692,0.037242740118915325
486,시설,0.1414341194795964,0.03686762287088121
676,작년,0.13905450558923063,0.03623571102846301
738,제주,0.13870905009473203,0.03614397454176409
429,선진국,0.13757181721975809,0.03584197978362587
102,국제,0.13536521014247638,0.03525601029111975
641,이해,0.1352103093840365,0.035214876044906945
93,구매,0.13298904342077497,0.03462501385212503
467,수요,0.13262104225221813,0.03452729031076553
9,가운데,0.12917487332154914,0.03361215236881617
815,처음,0.12356646157738412,0.03212282596479585
456,속도,0.12254634816878027,0.03185193254544062
921,플러스,0.11842856831120427,0.030758446805166397
111,그램,0.1158679827911191,0.030078477537791807
218,디젤,0.11452243540386699,0.02972116439048588
622,의식,0.11305405299424014,0.02933123212559262
80,관,0.11246917103687151,0.029175915400986862
78,과장,0.11230863499193955,0.02913328469172003
578,완전,0.11143652907484682,0.02890169499597776
730,제기,0.10728847176291638,0.02780016900932478
757,주식,0.10636476320971168,0.027554876117029836
617,음식,0.10403308658896805,0.026935694124815505
710,전체,0.10248102405747764,0.026523540414588327
630,이슈,0.09772075848539251,0.02525944114191434
888,특성,0.09741465639584014,0.02517815504076985
66,공,0.09338784670179594,0.024108826632857485
666,임,0.09165343457300275,0.023648249575270328
132,기후,0.08897388997758432,0.022936690456798234
898,팩,0.08859248591040461,0.022835407745441946
701,전략,0.08808126417396979,0.022699651658850472
407,새,0.08769616175802178,0.02259738684262686
4,가동,0.08423698426130106,0.0216787944465855
534,업계,0.08328124448578907,0.021424995590871423
547,연간,0.08265083181673478,0.021257588082956497
251,면서,0.07803690118593141,0.020032348384404975
104,규모,0.07638571897489987,0.01959387321943578
774,지구,0.07506849867005141,0.019244082392832595
293,발,0.07405933671624944,0.01897609715703144
444,세탁,0.06992785298218611,0.01787897232140883
447,소각,0.06760784531177229,0.017262889045306325
215,등록,0.0660522934854748,0.016849808744963328
413,생산,0.06604991272476456,0.0168491765285803
821,초,0.06076448260115962,0.015445618623282257
166,단,0.06067091822849137,0.015420772392825766
966,혜택,0.059782616923389036,0.015184881975223845
346,부,0.05919445212996579,0.015028693486090223
82,관련,0.05873442481929118,0.014906532194870661
7,가방,0.05662085481274518,0.014345268906602052
767,중단,0.0502586397743502,0.012655768335500977
537,에너지,0.04826141162615167,0.012125399890448888
11,가정,0.03853898362726944,0.009543587179392762
664,일회용,0.035624395377664965,0.008769611687757464
114,글,0.029935939738196457,0.007259029446577875
996,훼손,0.02933168742713015,0.007098568880804039
298,발전소,0.027550850628111228,0.006625663647198589
519,앞,0.025455230247303794,0.006069166922580115
183,대비,0.025296980974699766,0.006027143470869139
488,시작,0.024673557586092118,0.005861591982160561
91,교체,0.022180840277242257,0.00519964527154485
964,협의,0.022107791034147607,0.0051802468800755085
870,택배,0.01749404607909693,0.003955056488139421
195,대형,0.013798176672047595,0.0029736100207939722
185,대상,0.011261226491594181,0.002299917171233781
1,가구,0.004665814616957384,0.0005484906536452228
661,일부,0.0026003429949108224,0.0
983,환경오염,-4.714781942915784,-1.0
694,적발,-3.32245425094467,-0.7043955904084758
384,사실,-3.312491366752732,-0.7022803753507207
264,문제,-3.252720637499803,-0.6895904811300192
155,노출,-3.1358740769028794,-0.6647828451422906
858,코인,-3.026134466385156,-0.6414840822411729
565,오염,-2.9389885835105516,-0.6229821825777321
600,위반,-2.8210402562803765,-0.5979406310563198
899,페놀,-2.803125209299184,-0.5941370962159096
923,피해,-2.627483697488723,-0.5568467329645759
275,미세,-2.5609160900660464,-0.5427137968723237
294,발견,-2.436950960769123,-0.5163948210542989
409,새만금,-2.394023444210198,-0.5072809010620399
788,지적,-2.3527991349573174,-0.49852858817780477
181,대기오염,-2.328922533172787,-0.49345935856018797
424,석유,-2.3198475057003662,-0.49153264392721674
220,때문,-2.3192814189665487,-0.49141245833032554
755,주민,-2.3187318125501877,-0.4912957716615528
400,상대,-2.2759397488026134,-0.482210609589256
607,유류,-2.2608741962050685,-0.47901204950426435
645,인간,-2.2434705015037357,-0.4753170796156633
42,건설,-2.2345984161244523,-0.47343345151897875
253,명,-2.233498578884969,-0.47319994561393997
321,범,-2.2114760033560295,-0.4685243434015752
797,질환,-2.199044793591314,-0.4658850793517417
269,뭐,-2.1637526404008094,-0.4583922196124346
613,유해,-2.1269225663340348,-0.45057284464596514
912,폭염,-2.1218910866904297,-0.4495046136698837
227,류,-2.1084827947980433,-0.44665790579261055
288,반대,-2.1074245683164743,-0.44643323424718184
766,중금속,-2.0780487027575463,-0.44019645863404044
27,개,-2.0307497385328372,-0.4301544387312819
462,수돗물,-2.0259714658509544,-0.4291399660010903
151,내연기관차,-2.0219543071054624,-0.42828708499754187
333,보고,-2.0135696695344336,-0.42650694670602085
496,신고,-2.004953110623281,-0.42467756930849465
524,약,-1.993278517676456,-0.42219894220428045
246,머리,-1.9762658305665042,-0.4185869869456853
292,반환,-1.9406241970342815,-0.4110199292063864
733,제련소,-1.931556065375816,-0.4090946786202949
935,한계,-1.9233957328759044,-0.4073621624284407
616,은,-1.9202725206782874,-0.4066990747781487
170,단체,-1.917880595925195,-0.4061912464066363
809,채굴,-1.9134469576725401,-0.40524994284313176
795,진짜,-1.9073148280205496,-0.40394803340344443
233,마스크,-1.9027803903850142,-0.40298532917238483
38,건,-1.8850249461635102,-0.3992156795156273
376,비판,-1.8706177540652724,-0.3961568956254341
970,화폐,-1.857277723304349,-0.3933246802355117
392,사태,-1.8506805581537027,-0.3919240393371225
480,시기,-1.8448860856900855,-0.3906938177295375
309,배,-1.843259349274595,-0.3903484461187916
362,불법,-1.83976369714059,-0.3896062859282212
972,화학물질,-1.8181261315990753,-0.3850124249975071
742,조사,-1.8148077331410215,-0.38430789744796623
873,토,-1.7851802157926424,-0.37801769376679717
48,결과,-1.7762752104459152,-0.37612707644796606
296,발생,-1.7753216897619961,-0.37592463493909667
5,가득,-1.7701735866613317,-0.3748316436940301
63,고통,-1.7653785054169808,-0.37381360234618255
660,일본,-1.740298604226359,-0.3684889008216643
531,언급,-1.717413548327897,-0.36363018582494055
131,기지,-1.693202232891357,-0.3584898933159836
395,산불,-1.6921366824165731,-0.3582636668171465
619,의류,-1.6844265624501655,-0.35662673502753084
776,지금,-1.6647176213014103,-0.3524423393959939
133,기후변화,-1.6560810952205771,-0.3506087227784631
263,무단,-1.6376039264482964,-0.3466858441362085
463,수상,-1.6291250678871148,-0.3448857018324669
6,가량,-1.6286713288674277,-0.34478936872367605
905,폐기물,-1.6248318097490289,-0.34397420230225495
916,풍선,-1.6232522837503724,-0.3436388539119588
944,해양,-1.6080860465999969,-0.3404189175389236
868,탓,-1.6030488474548337,-0.3393494722582707
371,비산,-1.5973007803388612,-0.3381291029472905
849,침대,-1.592346256546689,-0.3370772104302934
147,낭비,-1.5865683517411853,-0.33585050629407887
588,우려,-1.5731494954756824,-0.3330015554999294
277,미세섬유,-1.5604081712600133,-0.33029645120307016
594,원인,-1.5331285131389532,-0.32450472036324296
439,세,-1.5291854366114346,-0.32366756771906824
541,엘라,-1.5290798700044101,-0.32364515492449264
959,현장,-1.523713248783548,-0.32250577020447146
765,중국,-1.51630692407296,-0.3209333370366608
928,하루,-1.5133190441956328,-0.320298981724933
109,그대로,-1.5059303380603386,-0.3187302891482042
812,책임,-1.5003988320058594,-0.3175558978100047
244,매립,-1.488855908378675,-0.3151052253544828
368,비닐,-1.484367557045322,-0.3141523056836424
39,건가,-1.483609687432993,-0.31399140275785
312,배출,-1.4819312607118422,-0.31363505680365444
968,화석연료,-1.4750805711282131,-0.3121805902572077
282,바다로,-1.4717135202129565,-0.3114657333283334
450,소리,-1.4674158166972608,-0.3105532900021807
426,선,-1.4644451254974757,-0.3099225840101538
322,법,-1.4622377291713138,-0.3094539327784843
36,거리,-1.4533824728855003,-0.30757387765838273
261,무,-1.4516609759116497,-0.3072083874799548
273,미군기지,-1.437132802252092,-0.3041239180537978
159,놈,-1.4244166700357515,-0.30142416225796387
65,곳,-1.4218380494790361,-0.30087669659192573
300,방류,-1.413223940659268,-0.2990478393721
602,위험,-1.381412642614863,-0.29229399828211644
383,사망,-1.3805019012331228,-0.292100639225917
276,미세먼지,-1.362639011166371,-0.2883081777944382
173,담배,-1.3566097775116002,-0.2870281141534682
822,초과,-1.3462233860563102,-0.2848229844762864
991,회의,-1.346156673356812,-0.28480882073576674
842,충전기,-1.3437265474431195,-0.28429288189457835
142,나중,-1.3403336800081875,-0.2835725438730703
890,팀,-1.3363743254168756,-0.28273193524115314
781,지목,-1.3275451826600178,-0.2808574242715799
361,불,-1.3237875763640434,-0.28005964872132405
202,도료,-1.3192185263323155,-0.2790895959494001
744,조작,-1.312393177742012,-0.27764050953682085
609,유지,-1.3102153227363098,-0.27717813020841364
892,판단,-1.302565341235364,-0.27555396638691276
910,포집,-1.2971837731015572,-0.2744114082951331
336,보기,-1.2938095794853322,-0.27369503490291847
805,차지,-1.2823102733707339,-0.2712536228601071
504,실제,-1.2714498163242327,-0.2689478445497008
443,세척,-1.2663653099656158,-0.26786835549775534
130,기준,-1.2615706878286714,-0.2668504116227761
176,대가,-1.2571039910229371,-0.2659020894140768
281,바다,-1.2546142260805022,-0.26537348863993837
510,씨발,-1.2497558761451433,-0.2643420147473251
404,상태,-1.2413049994168166,-0.26254781325279664
536,업체,-1.2314677298657197,-0.26045926737784697
425,석탄,-1.2283301879092463,-0.2597931373834783
54,경우,-1.2278738462638,-0.25969625171248867
508,쓰레기,-1.220956789829766,-0.2582276948525736
707,전북,-1.2168119846528662,-0.25734771329776096
834,추정,-1.2137177253474607,-0.25669077262181805
522,애플,-1.2111078539134776,-0.25613667209735025
773,증가,-1.2052789297938395,-0.2548991360755678
713,절반,-1.198347220853685,-0.25342746834926266
249,먼지,-1.1950493397161528,-0.2527272968219817
902,평균,-1.1873357111896674,-0.2510896201316961
770,중앙,-1.1867710281169748,-0.2509697325454101
914,풀,-1.176795759996307,-0.2488518882618187
837,축,-1.1759292666728893,-0.24866792348918576
406,상황,-1.1684960103978834,-0.24708977249413888
240,말,-1.160854880260187,-0.24546748790122952
196,더,-1.15360527435326,-0.24392832762578132
648,인류,-1.1428141354658055,-0.24163726621973391
625,이란,-1.1314444706439262,-0.23922337825621354
824,초미세먼지,-1.1164260853274817,-0.23603483223354516
596,원전,-1.1156651469678238,-0.23587327778351208
161,농약,-1.1119128043252489,-0.2350766197569284
808,채,-1.103985433427155,-0.2333935635285297
610,유출,-1.1004111954058595,-0.232634718806761
704,전망,-1.0885007366661716,-0.23010601515171458
45,검,-1.0883905382728258,-0.23008261898485627
728,제거,-1.0862017105545476,-0.22961791004522203
412,생물,-1.0852859143309554,-0.22942347779802752
762,준치,-1.0841966433732464,-0.22919221521509137
906,폐수,-1.0778823451237203,-0.22785162964978278
746,조치,-1.0649179911347575,-0.22509917401111235
552,연합뉴스,-1.0560338630734791,-0.22321298913851828
302,방사,-1.0548016833561211,-0.22295138566689254
223,래그,-1.0478545825700358,-0.2214764501053249
477,슬,-1.0478545825700358,-0.2214764501053249
108,그냥,-1.047542672347145,-0.22141022859883985
73,공사,-1.0424372037291347,-0.22032628905988083
100,국민,-1.039686076960714,-0.2197421986846193
979,환경문제,-1.039177008385293,-0.21963411858497994
260,못,-1.0247023030821947,-0.21656100099936593
572,온라인,-1.0212910361238983,-0.2158367565840742
144,난,-1.0210642789202578,-0.21578861387335357
915,풍력,-1.0186478593308324,-0.21527558501514976
106,그거,-1.0175289805613879,-0.21503803641222152
957,현상,-1.0090640561604556,-0.21324085246321012
47,게,-1.006570482107755,-0.212711442978739
866,탈,-1.0062381304494965,-0.21264088156113392
490,시청,-1.0011621978921008,-0.2115632128087218
319,번,-0.9822775046422593,-0.2075538128444553
775,지구온난화,-0.9811423964950419,-0.2073128185902896
814,처리,-0.978708324972038,-0.20679604205872282
225,론,-0.9704956994048057,-0.20505242355138642
164,능,-0.9690790744704574,-0.20475166060617922
314,배터리,-0.959796046303154,-0.2027807854476651
540,엔진,-0.959337668189856,-0.20268346741518428
352,부지,-0.9591285609433171,-0.20263907195820186
50,경기,-0.955794845923644,-0.20193129255697362
725,정책,-0.9549005724081537,-0.201741429785383
70,공기,-0.9533574358517461,-0.20141380721972812
891,파괴,-0.9494960643398425,-0.20059400132735672
476,스티로폼,-0.946920861342283,-0.2000472612416272
157,논의,-0.9451513774657111,-0.1996715829874116
516,악취,-0.9420822625166491,-0.1990199806974351
634,이유,-0.9378974925540141,-0.1981315142385588
566,오염수,-0.9321945593676632,-0.19692072729004628
379,사건,-0.9297889615794469,-0.196409996003151
529,억,-0.9084955395797356,-0.19188920001905563
160,농도,-0.9049251843713078,-0.19113117965538307
289,반영,-0.9023716042274682,-0.1905890303071246
527,어제,-0.8995856246080461,-0.18999754034015615
647,인근,-0.8976702780891135,-0.18959089405986074
495,식품,-0.8962346592107355,-0.1892860985197099
175,당시,-0.8937699537436218,-0.18876281811048967
606,유럽,-0.8739273911524276,-0.18455005337602626
35,거나,-0.8603727379048655,-0.18167227159120014
960,현재,-0.8584086934430271,-0.18125528627452425
416,생태계,-0.8573882796488578,-0.18103864272221692
976,확인,-0.8572293869187653,-0.1810049082845998
345,봉투,-0.8523950349842401,-0.17997852939577663
687,재생,-0.8497616506258194,-0.17941943685385042
247,머스크,-0.8470693420708044,-0.17884783414463712
397,살,-0.8422614499018543,-0.17782707291566935
603,위협,-0.8371556669274668,-0.17674306663586203
46,검사,-0.83635618950007,-0.176573329975254
589,우리나라,-0.835315718374648,-0.176352428060783
380,사고,-0.8350129697078997,-0.1762881516397904
259,몬테소리,-0.817116512252759,-0.1724885635325415
827,최,-0.8163901013352665,-0.17233433958682498
201,도로,-0.8112400776298346,-0.171240940579102
252,면적,-0.8003281912982341,-0.1689242433423932
911,포함,-0.7950189850718274,-0.16779704837169285
437,성분,-0.7933791477395239,-0.16744889531172213
381,사람,-0.792277432528182,-0.1672149906953989
792,지하수,-0.7876629902663225,-0.1662353007213525
498,신선,-0.7861276742607907,-0.16590933853301948
344,볼,-0.7834902490469899,-0.16534938807906874
961,협력,-0.7807375622307948,-0.16476496649082917
582,요구,-0.7796824360610759,-0.1645409531710892
675,자체,-0.7759779057115075,-0.16375444614899037
642,이행,-0.775566124402416,-0.16366702106116304
721,정부,-0.7711867892618308,-0.16273724656475597
568,오토바이,-0.7656503967673511,-0.1615618177888759
408,새끼,-0.7621098116522311,-0.1608101178991166
558,영향,-0.7575567184500479,-0.15984345291384927
778,지난해,-0.756361672794207,-0.15958973335661653
125,기본,-0.7553019430055289,-0.1593647426447926
887,특별,-0.7475748044869325,-0.15772419765470624
182,대부분,-0.7466912016220361,-0.1575366003637113
570,온난화,-0.7461814849808043,-0.15742838267353743
446,소,-0.7430933169260363,-0.1567727352280307
328,별,-0.7429436573980763,-0.15674096108703106
465,수소차,-0.7395375439694252,-0.15601781081509136
79,과정,-0.7369523308419684,-0.15546894548359147
947,행동,-0.7314360309918239,-0.1542977825671782
611,유통,-0.7303314028322051,-0.1540632595042346
571,온도,-0.7228675893491304,-0.15247862092332554
920,플라스틱,-0.7203602941718906,-0.15194629831363127
515,악,-0.7183652026104638,-0.1515227214024648
484,시민,-0.7141238691150191,-0.15062224596767204
621,의미,-0.7119667490206368,-0.1501642688581203
165,다이옥신,-0.7109023696317694,-0.14993829099196
573,온실가스,-0.7107552428173332,-0.14990705457012665
334,보고서,-0.7072670434717782,-0.14916647667741767
365,비,-0.7055964023944318,-0.1488117836894407
995,후쿠시마,-0.7054511516310933,-0.14878094557109622
219,땅,-0.7017876088257241,-0.1480031405944091
623,이건,-0.6979836016764196,-0.147195513701734
514,아파트,-0.6974180325828035,-0.14707543800478018
209,동물,-0.6930750369387134,-0.14615337872905587
618,음식물,-0.6799681879158438,-0.14337067003960524
690,재활,-0.6796646775130711,-0.14330623189481084
411,생각,-0.6787246536776635,-0.1431066558952312
306,방치,-0.6781219090339301,-0.14297868747545983
134,길,-0.6718059579184185,-0.1416377509909843
67,공간,-0.6656619607204818,-0.14033332195843606
787,지자체,-0.6654677418216853,-0.1402920874392627
832,추가,-0.6587054464160302,-0.13885638781739973
482,시료,-0.6472530476958059,-0.1364249346604881
958,현실,-0.6466340695314832,-0.13629351970992032
737,제조,-0.6360054254075059,-0.1340369574874316
804,차례,-0.6353176021327865,-0.133890926065232
654,인체,-0.6290723945030308,-0.13256500909553004
139,나리,-0.6251000932222037,-0.13172165175830997
325,벡,-0.6251000932222037,-0.13172165175830997
394,산,-0.6247982347578663,-0.1316575643357547
867,탈황,-0.6204425550897316,-0.13073281212110466
727,제강,-0.6201927826530481,-0.1306797830575418
628,이산화질소,-0.6201457437043186,-0.13066979624140118
904,폐기,-0.6175827220338237,-0.130125642367248
718,정도,-0.6133984068733586,-0.1292372724671973
455,속,-0.610535991094433,-0.1286295543766831
538,에어컨,-0.6092680161183517,-0.12836035123122924
700,전남도,-0.6091433833282334,-0.12833389050466948
574,올림픽,-0.6089832561551954,-0.12829989398307584
844,치의,-0.6081505499775948,-0.1281231025428049
637,이전,-0.6038853117421596,-0.12721755190438588
896,패션,-0.6025541145388299,-0.12693492607886392
171,달,-0.5963380783739979,-0.1256152024885766
526,어린이,-0.5946183601353892,-0.1252500899525557
89,교수,-0.5935564804155865,-0.12502464278990888
77,공해,-0.5842793980846042,-0.12305502998898854
756,주변,-0.5838792658987615,-0.12297007812080651
329,별로,-0.5832518261882785,-0.12283686670352223
785,지역,-0.579887179506645,-0.12212252021630976
520,앞서,-0.578957661426841,-0.12192517468855102
417,생활,-0.5781034434175418,-0.12174381608183982
471,수질오염,-0.5757074667769606,-0.12123512745608134
708,전세계,-0.5738331881605049,-0.12083720028202427
798,집,-0.5653935084147778,-0.11904537601338161
854,커피,-0.5634106483985337,-0.11862439597557539
423,석고,-0.5582658733570315,-0.11753211130911778
595,원자력,-0.5538928457258914,-0.11660367595694832
813,처,-0.5513429910741473,-0.11606231756608987
140,나무,-0.5493482747110283,-0.11563882031309225
234,마을,-0.5484776445187879,-0.11545397724386808
875,토양오염,-0.5429750737622058,-0.11428572914457735
521,애,-0.5338096477504468,-0.11233982204204374
16,각국,-0.5218179925716009,-0.10979387961081233
936,한국,-0.5202181207621577,-0.1094542116114039
401,상류,-0.5162081302419265,-0.10860285249024593
267,물질,-0.5123858622865968,-0.10779134865479734
122,기름,-0.5116532661489192,-0.10763581152801593
550,연료,-0.5111314104326647,-0.10752501659677605
272,미군,-0.5098284721542691,-0.1072483904097511
894,판지,-0.49324806611207267,-0.1037282125326936
632,이야기,-0.48866590094204554,-0.10275537529218803
213,뒤,-0.4849613500285231,-0.10196886390416604
37,걱정,-0.47968890136170705,-0.10084947291291946
469,수지,-0.47758087890175194,-0.10040191969805912
156,녹색,-0.47023695275607175,-0.09884273433896873
982,환경부,-0.46966425495405045,-0.09872114514942865
845,친,-0.46550011888632004,-0.09783705946266219
853,캠프,-0.4628784655219041,-0.09728045752232117
435,섭취,-0.45985522811490553,-0.09663859547080533
653,인천,-0.45856610363626155,-0.09636490208483228
138,나라,-0.45469146281026623,-0.0955422789908923
143,낙동강,-0.43694031989488996,-0.09177354254232972
587,용역,-0.4358114644686309,-0.09153387580028494
332,보건,-0.43003888491104714,-0.09030830226484521
843,측정,-0.429239276350708,-0.09013853776346636
237,막,-0.4246734215715542,-0.08916916337404968
483,시멘트,-0.4233980014762844,-0.08889837955899138
759,주장,-0.41606655736403664,-0.0873418442542987
698,전기,-0.4156352528731121,-0.08725027420930909
668,자료,-0.41395513186114935,-0.086893568541062
673,자재,-0.40690515309658715,-0.08539679100632747
243,매년,-0.40146432209359034,-0.08424165084384816
148,내,-0.4006721374367516,-0.08407346250778136
239,만원,-0.3999623637486845,-0.0839227708040865
528,어쩌,-0.3994246522930356,-0.08380860954859004
169,단속,-0.39841016773563936,-0.08359322482963494
829,최대,-0.3966155743505275,-0.08321221558797298
266,물,-0.3963831468552673,-0.08316286902041892
580,외부,-0.3935996057463664,-0.08257189677242338
87,광주,-0.3906036914464507,-0.0819358356763753
608,유입,-0.3879221685191829,-0.08136652285850066
358,분석,-0.3848452697735859,-0.0807132679944984
14,가축,-0.37835951811391955,-0.07933628123975045
49,결정,-0.3722809475665443,-0.0780457429073027
481,시대,-0.3716338067414318,-0.07790834875603136
0,가격,-0.3691546644399892,-0.07738200326959355
189,대책,-0.36554668987361955,-0.07661599595848201
98,국가,-0.35262046653240287,-0.07387163581893819
929,하수,-0.34437969580157934,-0.0721220418257198
363,브라질,-0.3428483598319893,-0.07179692463686604
375,비트코인,-0.3376667123292424,-0.07069681159624097
434,섬유,-0.3346465086679405,-0.07005559363778657
378,뿐,-0.3322153501510846,-0.06953943556512676
268,물티슈,-0.3320494763873812,-0.06950421898768677
382,사례,-0.3235724064998088,-0.06770445643636192
369,비롯,-0.32331245335475944,-0.0676492659115977
655,인터뷰,-0.3139729445508686,-0.06566639937682339
544,역,-0.3135492298885365,-0.06557644072462099
200,도,-0.30548234423151605,-0.0638637641861618
197,더욱,-0.2958041847911653,-0.06180899890080904
337,보도,-0.28575369574677273,-0.05967518449978426
357,분리수거,-0.282820398645328,-0.05905241763044078
992,회장,-0.2732865112117173,-0.057028282664098984
863,탄산,-0.2686961808197663,-0.05605371186933039
657,인프라,-0.2562546290315104,-0.05341225210954992
640,이하,-0.25178847183420755,-0.05246404446485198
308,방향,-0.24853461431083523,-0.05177321956950731
703,전력,-0.2482258994598101,-0.05170767647085628
179,대규모,-0.24810143568276927,-0.05168125162738013
696,전,-0.24721145032822658,-0.05149229927313781
599,위기,-0.24577557622704,-0.05118744954675769
525,양,-0.2452541685306621,-0.05107674973439813
874,토양,-0.2451180375401283,-0.051047847830546056
141,나은,-0.24333066564608483,-0.050668371780112076
110,그동안,-0.24155097460587163,-0.05029052644798848
372,비용,-0.24053553782982875,-0.050074939563959364
287,반,-0.24045285504619568,-0.05005738522270742
840,충남,-0.2402501214649121,-0.05001434295547014
55,경제,-0.23629113277366223,-0.049173812007615614
347,부담,-0.22598013675931067,-0.046984689499531385
692,적,-0.2203768871119123,-0.04579506631429686
34,거,-0.21467311229135322,-0.04458410067883822
451,소비,-0.2102380362282756,-0.04364249185450786
659,일반,-0.20803525677600235,-0.04317482082906998
584,용,-0.2076812309099852,-0.043099657771043076
113,그린,-0.20573415625691216,-0.04268627530614544
208,돈,-0.20373047267040112,-0.04226087422634617
722,정상,-0.19049779792604343,-0.039451451539661786
458,솔루션,-0.18831307361962815,-0.03898761379338844
367,비누,-0.18310766333543882,-0.03788245568828663
178,대구시,-0.1805245402703037,-0.0373340340968934
978,환경,-0.18038187293899127,-0.03730374446573559
901,평가,-0.17960844072778645,-0.03713953745220677
644,익,-0.17628036211569723,-0.03643295471390895
810,채취,-0.16170928640026927,-0.033339376773305895
882,투입,-0.15290618799969358,-0.03147039526824502
865,탄화수소,-0.15037548904364542,-0.030933103813747254
478,시,-0.14963873999902613,-0.030776684985329483
199,데,-0.1395759140993872,-0.028640251352616275
764,중공업,-0.13627743213995536,-0.02793995226513224
939,한편,-0.13390914270641935,-0.02743714189672586
126,기부,-0.12846400887127488,-0.026281088202062985
342,보호,-0.11970994369108756,-0.02442251691598052
543,여러,-0.11959795235218872,-0.024398740089730975
25,강조,-0.11418490108177372,-0.02324949782865482
64,골,-0.10933981021654075,-0.022220838962718648
636,이자,-0.1083425537617965,-0.022009111933790182
825,촉구,-0.10242138145496806,-0.020751990744616755
105,규제,-0.09351185841256915,-0.0188604142760328
649,인식,-0.09248430769986822,-0.01864225548805143
761,준비,-0.08902491434631125,-0.017907793381379267
203,도민,-0.0889883355660216,-0.017900027358471515
989,회수,-0.0840992289941624,-0.016862023539443438
221,라며,-0.08376690851198704,-0.016791468740817383
461,수도,-0.07948199417207602,-0.0158817406783045
57,계속,-0.07814019993192796,-0.01559686500109192
949,행위,-0.07546200058195278,-0.015028257810282608
985,활동,-0.07325570561284903,-0.01455984040719005
479,시공,-0.07110697002950056,-0.014103643409064892
257,모습,-0.06877877690367047,-0.013609345868087375
553,열,-0.06820006950115017,-0.013486480783212018
428,선언,-0.06559231711845885,-0.012932830153485009
163,뉴스,-0.05416090146905014,-0.010505831902049678
706,전문가,-0.052934678585240126,-0.010245493122833849
876,톤,-0.04992656605940703,-0.009606842227422141
449,소녀,-0.049433069552562534,-0.00950206822602695
796,진행,-0.04799093097488655,-0.009195888491714932
31,개인,-0.045094082571544916,-0.00858086002759395
118,기간,-0.04358602334185707,-0.008260684711975608
862,타고,-0.03499155321402731,-0.006435996973206071
731,제대로,-0.03421909397193328,-0.006271996530271995
561,예상,-0.03256583822808369,-0.005920994613925146
311,배송,-0.02915520673426416,-0.005196885113784799
745,조정,-0.025575361410028065,-0.004436849908278306
720,정보,-0.024055969119434976,-0.0041142684760561155
984,환경운동가,-0.023449641299711013,-0.003985539313947295
638,이제,-0.023233894775938672,-0.003939734275270723
629,이산화탄소,-0.012010026348987643,-0.0015568002728701957
799,집중,-0.006842689325413918,-0.00045972548306161265
937,한번,-0.004677334208906048,0.0
